{"BIC": -617.663287936734, "max_llh": -600.2030391456769, "mean_llh": -602.6520841810309}