{"BIC": -948.3375539713941, "max_llh": -919.2371393196322, "mean_llh": -922.7351080154104}