{"BIC": -438.0580672742478, "max_llh": -426.41790141354306, "mean_llh": -428.2731852904682}