{"BIC": -947.2152358776559, "max_llh": -912.2947382955417, "mean_llh": -916.7457330070799}