{"BIC": -946.8973446458925, "max_llh": -914.8868885289545, "mean_llh": -919.1009682319593}