{"BIC": -949.105653090153, "max_llh": -914.1851555080389, "mean_llh": -918.4037631386981}