{"BIC": -947.7016403600296, "max_llh": -915.6911842430916, "mean_llh": -919.7854199834046}