{"BIC": -949.9988719568883, "max_llh": -912.1683329095979, "mean_llh": -916.8358291453274}