{"BIC": -948.7648483740096, "max_llh": -910.9343093267192, "mean_llh": -915.3855307614176}