{"BIC": -949.2534523890048, "max_llh": -911.4229133417144, "mean_llh": -916.2749504180038}