{"BIC": -949.4790245296001, "max_llh": -911.6484854823098, "mean_llh": -916.2647131520284}