{"BIC": -621.5932000775782, "max_llh": -607.0429927516973, "mean_llh": -609.3273828733426}