{"BIC": -620.6282047023113, "max_llh": -608.9880388416066, "mean_llh": -610.8642227678407}