{"BIC": -616.7989231821704, "max_llh": -602.2487158562894, "mean_llh": -604.4336431907249}