{"BIC": -946.6451891126738, "max_llh": -920.4548159260883, "mean_llh": -924.1371403323839}