{"BIC": -617.0577779012613, "max_llh": -602.5075705753803, "mean_llh": -604.6939947618296}