{"BIC": -951.0577546692141, "max_llh": -924.8673814826285, "mean_llh": -928.689114199239}