{"BIC": -947.761910998769, "max_llh": -918.6614963470072, "mean_llh": -922.2616485885761}