{"BIC": -948.4275850847313, "max_llh": -913.5070875026171, "mean_llh": -917.3520447608868}