{"BIC": -948.860628536288, "max_llh": -913.9401309541738, "mean_llh": -918.2906083568331}