{"BIC": -949.0290331322876, "max_llh": -917.0185770153496, "mean_llh": -921.2515934736775}