{"BIC": -949.1874339222172, "max_llh": -911.3568948749269, "mean_llh": -915.9503460882906}