{"BIC": -437.63386961403415, "max_llh": -425.99370375332944, "mean_llh": -427.7869914668231}