{"BIC": -442.437180352446, "max_llh": -433.70705595691743, "mean_llh": -435.1227205134693}